name,status_code,status,is_status_showed,msg,user_id,exchanger,rate_type,from_currency,from_currency_network,to_currency,to_currency_network,direction,amount,to_address,tag_name,tag_value,refund_address,refund_tag_name,refund_tag_value,transaction_id,transaction_token,final_rate_type,time_registred,time_expiration,final_from_currency,final_from_network,final_from_amount,final_from_address,final_from_tag_name,final_from_tag_value,received_from_id,received_from_amount,received_from_confirmations,final_to_currency,final_to_network,final_to_amount,final_to_address,final_to_tag_name,final_to_tag_value,received_to_id,received_to_amount,received_to_confirmations,final_back_currency,final_back_network,final_back_amount,final_back_address,final_back_tag_name,final_back_tag_value,received_back_id,received_back_amount,received_back_confirmations,is_emergency_handled,emergency_statuses,emergency_choise,emergency_address,emergency_tag_name,emergency_tag_value,made_emergency_action,created_at,updated_at
OGPBWH,523,pending,True,,10,,fixed,BTC,bep2,BTC,trc20,to,1.9089510082,addr_6RFMNLUEIH,,,,,,T0CSZGL4,,,2024-10-21T11:27:53.839413,,,,,,,,,,,,,,,,,,,,,,,,,,,,,False,,,,,,False,2024-12-17T19:58:46.839413,2024-12-23T19:58:46.839413
433MG8,572,created,False,,37,,fixed,DOGE,bep20,BNB,main,from,1.7687839636,addr_1FW357M7U4,,,,,,2DP85YCZ,,fixed,2025-01-15T11:27:53.839413,2025-01-18T11:27:53.839413,,,,,,,,,,,,,,,,,,,,,,,,,,,,False,,,,,,True,2025-01-02T16:11:49.839413,2025-01-13T16:11:49.839413
SBJ3L8,536,exchange,True,,1,,float,BNB,main,DOGE,trc20,from,9.3243572351,addr_KRCLDVIMSV,,,,,,DK9V0XED,,,2025-01-15T11:27:53.839413,,,,,,,,,,,,,,,,,,,,,,,,,,OZ4G7GFIEG,9.062944237,1,True,,,,,,False,2025-01-08T21:25:52.839413,2025-01-13T21:25:52.839413
WF9F2P,510,created,True,,20,,float,BTC,bep2,USDT,bep2,to,0.2127016228,addr_68G3OIVNTZ,,,,,,X5Y4A33F,,,2024-12-30T11:27:53.839413,,DOGE,erc20,7.7510309675,addr_20X9F2YELS,,,,,,BNB,erc20,6.0014295693,addr_8WZ309ZE8U,,,,,,,,,,,,,,,True,,,,,,True,2024-11-24T05:16:29.839413,2024-12-07T05:16:29.839413
NTZEYK,264,emergency,True,Some message about transaction,1,,fixed,ETH,main,BTC,bep2,to,8.8889178833,addr_QQZM47SHRH,,,,,,,PQGNVJJX,float,2024-11-02T11:27:53.839413,,,,,,,,,,,DOGE,bep20,6.3851104012,addr_PRDMMIEQI0,,,,,,,,,,,,,,,False,,,,,,False,2024-11-11T12:02:13.839413,2024-11-17T12:02:13.839413
U8RAJG,292,exchange,True,,35,,float,BTC,bep20,DOGE,main,to,2.6120653453,addr_0PFZU78YRU,,,,,,,R6MME6VM,fixed,2025-01-02T11:27:53.839413,,ETH,trc20,6.9707690007,addr_8GC3GSHBCN,,,,,,USDT,bep20,7.3515379736,addr_WT1KXDX6JT,,,,,,,,,,,,,,,False,,,,,,True,2024-10-19T06:01:36.839413,2024-11-01T06:01:36.839413
UVN5K9,564,expired,True,,35,,fixed,ETH,bep20,BNB,erc20,to,4.0465215667,addr_GY8FLJQH3H,,,,,,,,fixed,2024-12-19T11:27:53.839413,,,,,,,,,,,BNB,trc20,1.8793688431,addr_HUFGC5O9VH,,,,,,,,,,,,,,,False,,,,,,False,2024-12-07T19:40:41.839413,2024-12-13T19:40:41.839413
M18MEB,209,error,True,Some message about transaction,1,,fixed,BTC,trc20,BNB,erc20,to,6.2532886869,addr_RQW6XCBE5R,,,,,,,,fixed,,,,,,,,,,,,,,,,,,69X82WDJHN,3.9976587484,5,,,,,,,,,,False,,,,,,False,2024-12-21T23:55:43.839413,2025-01-04T23:55:43.839413
HNA9IQ,197,withdraw,False,,16,,fixed,BNB,bep2,ETH,bep20,from,1.3428064357,addr_CNVTTNYNRF,,,,,,,,,2025-01-01T11:27:53.839413,,USDT,bep20,2.0626493499,addr_GFMYXHB1MN,,,,,,,,,,,,,,,,,,,,,,,,False,,,,,,True,2024-12-25T16:32:17.839413,2024-12-26T16:32:17.839413
17GDUK,,done,False,,40,,fixed,DOGE,main,ETH,main,to,5.5334259147,addr_RWB92AQAPC,,,,,,EJRS3J9L,,,2024-10-25T11:27:53.839413,,ETH,erc20,2.2560218161,addr_D383LJA58N,,,,,,,,,,,,,,,,,,,,,,,,False,,,,,,False,2024-12-19T01:51:11.839413,2024-12-24T01:51:11.839413
CFMNMB,352,withdraw,False,,42,Exchanger_3,float,ETH,bep20,BNB,erc20,from,9.1957602488,addr_CG565UQXZR,,,,,,0PPRU1E9,XMKZZHSA,,2024-11-16T11:27:53.839413,,,,,,,,,,,,,,,,,,,,,,,,,,,,,False,,,,,,False,2025-01-06T11:10:39.839413,2025-01-16T11:27:53.839413
R8D6KV,,new,True,,24,Exchanger_4,fixed,BTC,erc20,DOGE,main,to,7.0414265069,addr_BPKQ3KGN70,,,,,,NY9ACFPS,DQ8TDTSR,fixed,2024-12-22T11:27:53.839413,2025-01-18T11:27:53.839413,BNB,main,9.1658238296,addr_O9SH6F11Z3,,,,,,,,,,,,,,,,,,,,,,,,True,,,,,,True,2025-01-05T23:41:20.839413,2025-01-16T11:27:53.839413
JBZKLG,404,done,False,,16,,float,ETH,erc20,BTC,main,from,0.2941612505,addr_1LT570AFOI,,,,,,,,fixed,2024-12-15T11:27:53.839413,2025-01-17T11:27:53.839413,BNB,bep20,2.236594413,addr_IOSRC80AMK,,,,,,USDT,main,3.3275598291,addr_UPC3DWKP89,,,,,,,,,,,,,,,False,,,,,,True,2024-11-08T05:51:14.839413,2024-11-11T05:51:14.839413
JICM2A,235,exchange,True,,17,,float,ETH,bep20,ETH,bep2,from,6.6732734353,addr_48HHQ0B3M7,,,,,,,,float,2025-01-11T11:27:53.839413,,,,,,,,TJ2J99ZR07,9.0997306155,5,,,,,,,CXTS3IFAA0,5.41415264,3,,,,,,,,,,True,,,,,,False,2024-11-08T05:28:23.839413,2024-11-21T05:28:23.839413
DSORQS,337,exchange,True,,39,Exchanger_3,float,ETH,main,DOGE,trc20,to,1.0117829609,addr_VY7KJV9XD7,,,,,,P4C5G4YO,I2L46GMK,fixed,2024-11-28T11:27:53.839413,2025-01-18T11:27:53.839413,USDT,main,9.204095492,addr_XHACVVFL86,,,,,,,,,,,,ZP1FLN8J0X,7.6659338875,1,,,,,,,,,,False,,,,,,False,2024-11-05T20:30:57.839413,2024-11-15T20:30:57.839413
I3QDIH,211,new,False,Some message about transaction,13,Exchanger_2,fixed,BTC,main,USDT,erc20,to,8.4000576149,addr_IQXY931Q7I,,,,,,T7CFVLW3,GFB4TQ1Q,float,2024-11-10T11:27:53.839413,,,,,,,,,,,,,,,,,,,,,,,,,,,,,False,,,,,,True,2024-11-05T01:57:56.839413,2024-11-17T01:57:56.839413
9QUOV9,100,pending,True,,27,,float,USDT,bep2,DOGE,bep2,from,5.0532295275,addr_YFXQF5GH8I,,,,,,,,fixed,,2025-01-19T11:27:53.839413,BNB,bep2,8.7620020664,addr_N6DCO69AHH,,,,,,,,,,,,,,,,,,,,,,,,False,,,,,,True,2025-01-04T22:48:02.839413,2025-01-14T22:48:02.839413
HU4UUN,,withdraw,True,,10,,fixed,DOGE,main,ETH,main,to,7.2921194721,addr_BEOB6UYBQJ,,,,,,IEWVYNIM,,,,2025-01-20T11:27:53.839413,,,,,,,A96YHR8CIQ,4.5669379839,4,DOGE,main,4.9768634512,addr_Z2S0054D17,,,HVNYTX50AE,2.4336867318,5,,,,,,,,,,True,,,,,,False,2024-10-27T15:30:42.839413,2024-11-02T15:30:42.839413
T1XFKX,,new,True,Some message about transaction,45,,float,BNB,erc20,BNB,bep20,from,5.3375365064,addr_VX5VKIU9UN,,,,,,,,,,,,,,,,,UZ5TYOZB98,8.226191147,3,,,,,,,,,,,,,,,,,,,True,,,,,,False,2024-10-30T16:34:42.839413,2024-11-11T16:34:42.839413
BDOO2A,251,emergency,True,,20,,fixed,DOGE,trc20,USDT,erc20,from,5.9169299236,addr_UCD8CPDYK3,,,,,,,,fixed,,2025-01-20T11:27:53.839413,DOGE,bep2,9.4221455199,addr_FPB09KWUJC,,,EZJ93EC8GM,3.4426623987,2,,,,,,,,,,,,,,,,,,,True,,,,,,False,2024-11-04T10:32:09.839413,2024-11-11T10:32:09.839413
QMVIFW,416,done,False,Some message about transaction,36,,float,USDT,bep2,BNB,trc20,from,5.0073013965,addr_57SMUBKWXX,,,,,,,80GPT9FI,,2024-12-18T11:27:53.839413,,,,,,,,,,,,,,,,,,,,,,,,,,,,,False,,,,,,False,2024-12-24T07:57:48.839413,2024-12-25T07:57:48.839413
JOCKE4,,emergency,False,,20,,fixed,BNB,main,BNB,bep2,to,2.3131790161,addr_WPMD6PDEJJ,,,,,,,XCTF0938,,2025-01-15T11:27:53.839413,2025-01-17T11:27:53.839413,BNB,trc20,5.9819122007,addr_S8I2ZITHP1,,,,,,BNB,bep2,0.9781512968,addr_FBNC9X56W3,,,,,,,,,,,,,,,False,,,,,,True,2025-01-05T23:21:54.839413,2025-01-12T23:21:54.839413
TQDDJS,316,created,False,Some message about transaction,8,,fixed,BTC,main,USDT,bep20,from,4.8645185459,addr_2O5QFO9EFS,,,,,,4WAC10L2,,,2025-01-08T11:27:53.839413,,,,,,,,YJLGUVJ2EF,4.814361212,4,,,,,,,,,,,,,,,,,,,False,,,,,,True,2024-12-25T00:22:15.839413,2024-12-31T00:22:15.839413
9P5Y1X,446,new,True,,35,,float,BTC,main,BNB,bep20,from,6.0925648425,addr_T48ZRJ8BL6,,,,,,,,,2024-11-12T11:27:53.839413,2025-01-21T11:27:53.839413,BTC,trc20,3.8667414506,addr_Q0Q8DJJ12C,,,56LVQC08IR,6.7849976673,1,BTC,bep2,0.6027983393,addr_F71THP74NP,,,,,,,,,,,,,,,False,,,,,,True,2024-12-01T19:34:25.839413,2024-12-07T19:34:25.839413
9IM7WE,,error,True,,9,,float,ETH,bep2,BTC,bep2,to,1.828429183,addr_YUIQNLIZW4,,,,,,3X9X2LD0,IEX4ECX7,,2024-11-07T11:27:53.839413,,,,,,,,,,,,,,,,,,,,,,,,,,,,,True,,,,,,False,2024-12-05T13:12:04.839413,2024-12-19T13:12:04.839413
89MLTS,144,handled,False,,13,,float,ETH,erc20,DOGE,main,to,9.9947409263,addr_K1IR0Q7FSS,,,,,,,,fixed,2024-11-02T11:27:53.839413,,ETH,erc20,6.2463020292,addr_OZ861L10OP,,,,,,,,,,,,,,,,,,,,,,,,True,,,,,,True,2024-12-03T01:50:14.839413,2024-12-10T01:50:14.839413
QVJ2OZ,,emergency,False,,22,Exchanger_4,fixed,USDT,trc20,BNB,bep20,from,7.5387507926,addr_9RI8U5RLV9,,,,,,,2V6BH3HP,float,2024-10-21T11:27:53.839413,2025-01-19T11:27:53.839413,BNB,main,2.6724947418,addr_KXUZMS3CBG,,,,,,,,,,,,P05ZDI6001,6.7430726547,4,,,,,,,,,,False,,,,,,False,2024-11-28T04:14:23.839413,2024-11-29T04:14:23.839413
F1K8SE,356,exchange,True,,46,,fixed,BNB,bep20,BTC,bep2,to,1.514158532,addr_VHAGLHHNI0,,,,,,,,,2025-01-06T11:27:53.839413,,,,,,,,,,,,,,,,,,,,ETH,bep20,3.4872804697,addr_LV0N2ZJ0CB,,,,,,False,,,,,,False,2024-12-17T10:04:39.839413,2024-12-18T10:04:39.839413
8J8UE6,117,handled,True,,26,,float,ETH,bep2,BNB,erc20,to,9.7100580312,addr_06RL4KLIP3,,,,,,ZOAW9PFZ,,float,2024-12-01T11:27:53.839413,,,,,,,,,,,,,,,,,,,,,,,,,,,,,True,,,,,,True,2024-12-22T03:29:11.839413,2024-12-24T03:29:11.839413
QLMKJY,358,created,True,,49,,float,DOGE,main,ETH,bep2,to,2.7767561497,addr_RJV5JDNSPT,,,,,,,Y7V9IBZ7,,,,DOGE,trc20,6.2210451024,addr_QNNRJSGZ8C,,,,,,,,,,,,,,,,,,,,,,,,True,,,,,,True,2024-12-23T13:56:21.839413,2024-12-23T13:56:21.839413
6L1CTB,222,withdraw,False,,46,,float,BTC,bep2,USDT,main,to,4.0924934903,addr_8K42WFTQ6Q,,,,,,,LU93YZ0F,,,,ETH,main,4.521236673,addr_K3OX9K9CHV,,,,,,BTC,erc20,3.5738275573,addr_5GXK2TYBN3,,,I6EUVB8BHM,8.211151255,2,,,,,,,,,,False,,,,,,False,2024-12-07T01:29:22.839413,2024-12-15T01:29:22.839413
MT9VF6,,expired,False,,40,,float,BNB,trc20,BTC,main,from,9.41118374,addr_CIHNW279U0,,,,,,,,,2024-12-02T11:27:53.839413,,,,,,,,,,,,,,,,,,,,,,,,,,,,,False,,,,,,False,2024-11-10T07:20:06.839413,2024-11-17T07:20:06.839413
XYFO3M,328,emergency,True,,12,,fixed,USDT,bep20,BNB,erc20,to,9.7982462293,addr_AJX2QPOHYU,,,,,,1IM4R5YL,,float,2024-10-26T11:27:53.839413,,,,,,,,,,,ETH,bep2,0.2744557316,addr_8SS75QICA6,,,,,,,,,,,,,,,True,,,,,,False,2024-11-11T03:19:47.839413,2024-11-16T03:19:47.839413
B4NTU4,,emergency,False,,44,Exchanger_2,float,DOGE,erc20,BTC,bep20,to,0.3394196298,addr_441NLP6H1K,,,,,,YZPKUXQJ,,,2024-12-13T11:27:53.839413,2025-01-17T11:27:53.839413,,,,,,,,,,,,,,,,Q8WIPF0MEU,6.5114090385,2,,,,,,,,,,True,,,,,,True,2024-12-23T15:16:33.839413,2025-01-07T15:16:33.839413
11P91I,141,emergency,False,,1,,float,DOGE,bep2,USDT,bep2,to,1.6431274787,addr_XJXBO4OK8S,,,,,,YMM7CMH2,A3A6BLLW,,2024-11-13T11:27:53.839413,2025-01-18T11:27:53.839413,BNB,bep20,7.6344249264,addr_6M3SKIFXD9,,,,,,,,,,,,,,,,,,,,,,,,False,,,,,,True,2024-11-14T13:51:29.839413,2024-11-21T13:51:29.839413
VTAMIR,493,new,True,,15,Exchanger_3,float,BTC,bep20,BTC,trc20,from,9.2008154317,addr_N66NDGRF0U,,,,,,,,,2024-11-19T11:27:53.839413,2025-01-19T11:27:53.839413,,,,,,,C2W9GXBBCN,4.8420120653,2,,,,,,,,,,,,,,,,,,,False,,,,,,True,2024-11-04T21:34:21.839413,2024-11-08T21:34:21.839413
BPBTSL,473,exchange,False,,35,Exchanger_5,float,DOGE,erc20,BTC,trc20,to,2.7307733578,addr_HR5B09Y2ZR,,,,,,,,fixed,2024-12-31T11:27:53.839413,,,,,,,,9EAHE9S3NX,5.1756681654,3,ETH,trc20,3.593327854,addr_6G84ZRZ213,,,,,,BNB,erc20,4.2960565814,addr_QZNKWETV84,,,,,,True,,,,,,False,2025-01-10T20:52:48.839413,2025-01-10T20:52:48.839413
GZ6PGD,,withdraw,False,,1,,float,BNB,main,USDT,bep2,from,1.6515308057,addr_4MV0P8OKD8,,,,,,N3KVT4OU,MAQIUPCM,float,,,,,,,,,,,,,,,,,,WQPER3R811,7.6871010406,2,,,,,,,,,,True,,,,,,False,2024-12-31T13:15:54.839413,2025-01-13T13:15:54.839413
VD9U4U,555,emergency,False,,19,,float,BTC,main,BNB,trc20,to,6.5511417759,addr_0HVTSOOTKA,,,,,,8VQBM3ZD,,,2025-01-13T11:27:53.839413,2025-01-17T11:27:53.839413,,,,,,,,,,,,,,,,,,,,,,,,,,,,True,,,,,,False,2024-10-23T22:17:00.839413,2024-10-31T22:17:00.839413
H2P8YI,443,withdraw,False,,14,,float,USDT,erc20,ETH,bep20,from,5.6612368476,addr_CLQ3QA9H8L,,,,,,YCRJ6NGC,,,2024-12-23T11:27:53.839413,2025-01-21T11:27:53.839413,BTC,trc20,9.556736317,addr_TC77WMVSJ7,,,,,,,,,,,,BA9E1C10OX,5.99556688,5,,,,,,,,,,True,,,,,,False,2025-01-09T04:11:10.839413,2025-01-16T11:27:53.839413
BTFUOC,258,error,True,,33,Exchanger_4,fixed,BTC,bep2,ETH,bep2,to,0.4668117181,addr_ZMS2WAHSQE,,,,,,6PJKVUMM,,,2024-12-18T11:27:53.839413,2025-01-17T11:27:53.839413,,,,,,,,,,,,,,,,,,,,,,,,,,,,True,,,,,,True,2024-12-08T17:53:15.839413,2024-12-17T17:53:15.839413
G7TUQ3,,new,False,,6,,float,USDT,erc20,BNB,trc20,to,1.0446324164,addr_E7D7PE522A,,,,,,,,,2024-11-17T11:27:53.839413,,DOGE,trc20,6.222900516,addr_TKRHYZKLM9,,,,,,,,,,,,,,,,,,,,,,,,False,,,,,,False,2024-11-05T20:55:42.839413,2024-11-12T20:55:42.839413
7TWMXB,194,handled,True,,6,Exchanger_1,fixed,USDT,bep20,ETH,bep20,to,2.2912646156,addr_D7CHRPSP51,,,,,,8E1LYJ9F,,,,2025-01-20T11:27:53.839413,,,,,,,,,,,,,,,,,,,,,,,,,,,,True,,,,,,False,2024-11-09T07:25:49.839413,2024-11-15T07:25:49.839413
W7XUHJ,167,emergency,False,Some message about transaction,18,,fixed,USDT,erc20,DOGE,trc20,to,7.2997738468,addr_M9V15G0GPX,,,,,,AD172ZA5,,,,,,,,,,,,,,,,,,,,17WBR1FCDO,6.3676512077,1,,,,,,,,,,True,,,,,,False,2024-12-31T10:09:41.839413,2025-01-06T10:09:41.839413
B5BD6O,,emergency,True,,8,,float,DOGE,trc20,BTC,main,to,3.6637957376,addr_UBLTK7W9NS,,,,,,,,float,2024-11-07T11:27:53.839413,2025-01-20T11:27:53.839413,,,,,,,,,,,,,,,,,,,,,,,,,,,,True,,,,,,False,2024-12-21T16:21:48.839413,2025-01-02T16:21:48.839413
GAAF79,309,handled,True,,36,Exchanger_4,fixed,BNB,erc20,DOGE,bep20,to,3.7365111451,addr_CWTJXEDO2L,,,,,,,,fixed,2024-10-29T11:27:53.839413,2025-01-18T11:27:53.839413,,,,,,,44V7ODTL95,0.6676955408,2,USDT,erc20,5.9590054842,addr_O2HC28VYJ2,,,,,,,,,,,,,,,False,,,,,,True,2025-01-07T20:11:19.839413,2025-01-07T20:11:19.839413
JQSD42,,emergency,False,,33,Exchanger_3,float,BNB,trc20,BTC,erc20,to,4.3874220426,addr_DUUMME1YJK,,,,,,XAJDFKLG,I0QDSPB7,,2024-12-03T11:27:53.839413,,USDT,bep2,8.7276462882,addr_JBFINWNX5T,,,,,,,,,,,,,,,,,,,,,,,,True,,,,,,False,2025-01-09T16:36:23.839413,2025-01-16T11:27:53.839413
D3DFS9,,created,False,Some message about transaction,42,Exchanger_3,float,USDT,main,USDT,bep2,from,8.2474962911,addr_846441M9YC,,,,,,,,,2024-11-10T11:27:53.839413,,USDT,trc20,4.0345038949,addr_9B75NB8OYL,,,,,,,,,,,,PO21BD5ACF,9.690599849,2,,,,,,,,,,True,,,,,,True,2024-11-06T07:28:06.839413,2024-11-15T07:28:06.839413
4AEH1U,,exchange,True,,2,,fixed,USDT,main,BTC,main,to,3.8589163113,addr_Y0U75J17V9,,,,,,Q1NKXMK5,,,2024-12-11T11:27:53.839413,,,,,,,,,,,DOGE,main,2.5472266197,addr_QK85Z6UW0W,,,,,,USDT,main,2.1153280344,addr_M0NE2A9XTP,,,,,,True,,,,,,False,2024-11-12T16:58:48.839413,2024-11-26T16:58:48.839413
CR4LJF,209,done,False,,37,Exchanger_3,fixed,BTC,bep20,USDT,main,from,0.1439032357,addr_LBPOLQIQKT,,,,,,,,float,,,DOGE,bep20,4.8790531271,addr_V03UZT8ADB,,,,,,,,,,,,,,,,,,,,,,,,False,,,,,,False,2024-12-17T16:04:57.839413,2024-12-23T16:04:57.839413
RXTISA,253,withdraw,False,,38,,fixed,USDT,bep20,USDT,trc20,to,1.4074842998,addr_8X28G3F6NO,,,,,,,,fixed,2024-11-01T11:27:53.839413,2025-01-19T11:27:53.839413,,,,,,,,,,,,,,,,,,,,,,,,,,,,True,,,,,,True,2024-12-31T20:20:10.839413,2025-01-01T20:20:10.839413
H2JLL8,,emergency,True,,39,,fixed,BTC,bep2,BTC,main,to,0.7898424688,addr_9S9YRWG4ME,,,,,,,,,2024-10-23T11:27:53.839413,,,,,,,,,,,DOGE,trc20,7.8612372838,addr_BYNL9RX86U,,,,,,,,,,,,,,,False,,,,,,True,2025-01-06T01:39:24.839413,2025-01-14T01:39:24.839413
V9ZFI6,546,created,True,,18,Exchanger_2,float,BNB,trc20,BNB,bep2,to,9.1915603399,addr_WI2J5LT8YH,,,,,,MXUCZ6XP,,,2024-11-01T11:27:53.839413,2025-01-21T11:27:53.839413,,,,,,,UDEN3XH9XJ,3.8448077176,4,,,,,,,P6RJQW983Z,0.2581133977,1,,,,,,,,,,False,,,,,,False,2025-01-06T23:56:32.839413,2025-01-16T11:27:53.839413
VMI4Z7,,expired,False,,42,Exchanger_3,fixed,ETH,main,BTC,erc20,from,1.2764050013,addr_8JSSCB60BE,,,,,,Q51PAZG1,XAFG9DZA,fixed,2024-11-26T11:27:53.839413,2025-01-18T11:27:53.839413,,,,,,,,,,ETH,bep2,7.303650433,addr_7IZ7L9HB9W,,,9BFTI2JN3Y,1.0557734379,5,,,,,,,,,,False,,,,,,False,2024-12-18T14:27:09.839413,2024-12-29T14:27:09.839413
OO63D9,210,expired,False,,4,,float,DOGE,main,ETH,main,to,2.9779306248,addr_UV8BEQXRMJ,,,,,,ODTLRC18,ADENEBBU,float,2024-11-21T11:27:53.839413,,,,,,,,,,,,,,,,,,,,,,,,,,,,,False,,,,,,False,2024-10-28T07:05:13.839413,2024-11-04T07:05:13.839413
82I9QF,400,withdraw,True,,6,,float,ETH,bep2,BNB,main,to,3.0814653212,addr_I6HNY3UTTH,,,,,,ENUVMALH,06ZUP6X9,,,2025-01-18T11:27:53.839413,BTC,bep20,0.7855440157,addr_3FU7M8ZKLE,,,,,,,,,,,,9S555S4B4F,2.570282785,2,,,,,,,,,,True,,,,,,False,2024-11-15T18:48:52.839413,2024-11-27T18:48:52.839413
7LA98R,,exchange,True,Some message about transaction,2,,fixed,USDT,main,ETH,main,from,8.1182522763,addr_SZ6Q8R4S2N,,,,,,,,,,2025-01-17T11:27:53.839413,,,,,,,,,,BNB,main,6.256010664,addr_PQZAA2EKBL,,,,,,,,,,,,,,,False,,,,,,True,2024-11-06T03:59:33.839413,2024-11-16T03:59:33.839413
GEQF5F,233,new,True,Some message about transaction,44,,fixed,DOGE,bep2,BNB,bep20,from,4.7657686169,addr_7ZDMVH7BF8,,,,,,XPAW2HZ3,,float,2024-12-14T11:27:53.839413,2025-01-19T11:27:53.839413,,,,,,,,,,,,,,,,,,,,,,,,,,,,False,,,,,,False,2024-12-03T14:31:39.839413,2024-12-18T14:31:39.839413
S280PW,143,withdraw,True,,21,,float,ETH,erc20,USDT,bep2,from,5.6974270729,addr_NXJ5AZ5TQ7,,,,,,N3V9456X,,float,,,ETH,erc20,1.1685536145,addr_6L8OMT14NT,,,,,,,,,,,,,,,,,,,,,,,,False,,,,,,False,2024-12-22T14:46:46.839413,2025-01-05T14:46:46.839413
VPM165,297,new,False,,35,Exchanger_2,fixed,USDT,erc20,ETH,erc20,from,2.8522661475,addr_DTYL1R7SCP,,,,,,,,,2025-01-14T11:27:53.839413,2025-01-21T11:27:53.839413,,,,,,,,,,BNB,main,2.7122080136,addr_SCICC7MYW6,,,HLTDNZ0LLA,0.1740191477,2,,,,,,,,,,True,,,,,,True,2025-01-13T02:50:10.839413,2025-01-13T02:50:10.839413
LWN2OT,300,handled,False,Some message about transaction,24,Exchanger_4,float,BNB,bep2,DOGE,erc20,from,6.0507751827,addr_7NG09N6USA,,,,,,GMEV3SZ6,,,2024-12-31T11:27:53.839413,2025-01-17T11:27:53.839413,BTC,main,2.751023309,addr_8BARKTOY6P,,,ZITJZ8AMC4,9.2837763573,2,,,,,,,,,,,,,,,,,,,False,,,,,,True,2025-01-06T12:27:25.839413,2025-01-08T12:27:25.839413
IO8RFG,,exchange,False,,45,,float,ETH,bep2,BNB,trc20,from,6.5759859217,addr_36HWN3MP4C,,,,,,C74I4VJI,0ANYO76B,,,,,,,,,,CTV4I5CIPI,0.9504616179,3,,,,,,,,,,,,,,,,,,,True,,,,,,True,2024-11-12T06:06:26.839413,2024-11-20T06:06:26.839413
3IZ3PO,597,emergency,False,,10,Exchanger_3,float,BTC,bep2,BNB,trc20,to,9.1264697325,addr_CEJPP9Z8WY,,,,,,LMKNY6FA,KNKYEAMS,,2024-11-04T11:27:53.839413,,,,,,,,ZIWTW0J1ES,2.9256544072,1,USDT,trc20,6.8745276276,addr_OUPKUYHUGP,,,,,,,,,,,,,,,False,,,,,,True,2024-11-26T11:59:06.839413,2024-11-27T11:59:06.839413
5R97G7,295,emergency,True,Some message about transaction,20,Exchanger_5,fixed,BTC,bep20,DOGE,bep2,from,1.5211367967,addr_XYI4134MQN,,,,,,RMOO9SE8,6HI32CJH,,2024-11-09T11:27:53.839413,,,,,,,,,,,USDT,bep20,8.8778765592,addr_FLEZXMG5MQ,,,RUA3ZQRU8V,2.8455484159,2,,,,,,,,,,False,,,,,,True,2024-11-21T13:27:16.839413,2024-11-29T13:27:16.839413
JIW3TM,560,created,True,Some message about transaction,42,,float,BTC,bep20,BTC,bep2,to,1.2498950825,addr_PEY5WSFM3W,,,,,,152BNCSN,,,2025-01-01T11:27:53.839413,,,,,,,,,,,,,,,,,,,,,,,,,,,,,False,,,,,,True,2025-01-16T01:06:09.839413,2025-01-16T11:27:53.839413
TH4761,161,emergency,True,Some message about transaction,32,,float,BTC,erc20,BNB,bep2,to,5.9592588503,addr_4UU8T4IEYT,,,,,,,,,2024-11-27T11:27:53.839413,,,,,,,,,,,BNB,main,4.5061027768,addr_XTR3U4GQ8Q,,,,,,,,,,,,,,,True,,,,,,False,2024-11-11T15:45:21.839413,2024-11-12T15:45:21.839413
IEAREW,404,created,True,,45,,fixed,USDT,main,DOGE,main,to,3.0954100455,addr_JVCMHYXY99,,,,,,,,fixed,,,,,,,,,C4P0BDWC97,0.066369263,5,BTC,trc20,1.6298910591,addr_GHJHXO65SC,,,,,,,,,,,,,,,False,,,,,,True,2024-12-03T03:51:06.839413,2024-12-17T03:51:06.839413
01GUAH,257,created,True,,10,Exchanger_1,fixed,DOGE,trc20,BTC,bep2,from,2.2429160641,addr_VCT2AM2CXC,,,,,,I8J3FGFQ,,,,2025-01-17T11:27:53.839413,,,,,,,K7LYM6ZMH9,4.9896600916,1,,,,,,,,,,ETH,bep20,4.484947882,addr_G03R4O22JM,,,,,,False,,,,,,True,2025-01-16T09:21:10.839413,2025-01-16T11:27:53.839413
RHNWV1,,withdraw,True,,38,,fixed,USDT,bep20,BTC,main,to,8.2170445592,addr_U9XN1PM7DZ,,,,,,3JL7SGEL,,float,,2025-01-20T11:27:53.839413,,,,,,,,,,,,,,,,,,,,,,,,,,,,False,,,,,,False,2025-01-04T00:50:33.839413,2025-01-16T00:50:33.839413
ZOERJK,,pending,True,,45,,fixed,USDT,bep2,USDT,erc20,to,0.878629571,addr_YTVF9MQHQ2,,,,,,,,fixed,2025-01-10T11:27:53.839413,2025-01-17T11:27:53.839413,,,,,,,,,,,,,,,,,,,,,,,,,,,,True,,,,,,False,2025-01-01T08:47:51.839413,2025-01-13T08:47:51.839413
TSUPMI,,exchange,False,,4,Exchanger_5,float,DOGE,trc20,DOGE,bep20,from,6.298830778,addr_ASA8KNUSP9,,,,,,HKOMEEVD,,,,2025-01-18T11:27:53.839413,ETH,main,8.2982842977,addr_BI25ABEI13,,,,,,USDT,erc20,7.2008098754,addr_9MMHA26UBS,,,83YHU12TMA,1.4300834856,1,,,,,,,,,,False,,,,,,True,2024-11-15T20:34:06.839413,2024-11-29T20:34:06.839413
MI4NU6,569,created,False,,7,,fixed,DOGE,bep2,ETH,main,to,2.3151769603,addr_NIEO4U0K1B,,,,,,JC22S02Q,,float,2024-11-26T11:27:53.839413,,ETH,trc20,1.7717561173,addr_BYLVIFQ6ZE,,,,,,,,,,,,,,,,,,,,,,,,False,,,,,,True,2024-10-25T20:59:02.839413,2024-10-25T20:59:02.839413
Q7A9F1,,pending,False,,12,,float,BTC,bep2,BNB,bep2,from,2.5324476385,addr_C7Y0YBH3C0,,,,,,,,float,2024-11-09T11:27:53.839413,,,,,,,,,,,,,,,,,,,,,,,,,,,,,False,,,,,,True,2025-01-05T22:13:18.839413,2025-01-16T11:27:53.839413
00UVQL,536,new,True,,40,,float,ETH,bep20,DOGE,main,to,9.6837262401,addr_EKF1XPGPU1,,,,,,,,,,,,,,,,,,,,,,,,,,,,,,,,,,,,,,False,,,,,,False,2024-11-14T01:48:08.839413,2024-11-21T01:48:08.839413
FI1HMT,247,created,True,,12,,float,DOGE,trc20,BTC,bep2,to,3.1980757169,addr_6SZL8XE8JG,,,,,,5YIYWPPR,,,2024-12-13T11:27:53.839413,,DOGE,bep2,9.4298675725,addr_Y31KE91KVH,,,,,,DOGE,erc20,7.8309797365,addr_B2O28BG8OR,,,,,,,,,,,,,,,False,,,,,,True,2024-12-26T18:03:19.839413,2025-01-09T18:03:19.839413
ZYLUXD,232,error,False,Some message about transaction,46,Exchanger_2,float,DOGE,main,DOGE,bep2,to,2.6502936589,addr_QEK1033ZKJ,,,,,,T7X4YLO9,,fixed,2024-11-30T11:27:53.839413,2025-01-18T11:27:53.839413,,,,,,,,,,,,,,,,,,,,,,,,,,,,True,,,,,,True,2024-12-11T07:17:37.839413,2024-12-13T07:17:37.839413
C59J62,462,emergency,False,,32,,float,BNB,trc20,BNB,bep2,to,0.880262387,addr_0Z38LDVP3O,,,,,,,,,2024-12-09T11:27:53.839413,,,,,,,,,,,,,,,,,,,,,,,,,,,,,True,,,,,,False,2024-10-30T03:27:36.839413,2024-10-30T03:27:36.839413
AZGD9R,116,exchange,False,,35,Exchanger_1,fixed,BNB,bep2,BTC,trc20,to,7.5450972692,addr_0JJ3U8XIAH,,,,,,2K8Z1DJ6,,fixed,2024-12-07T11:27:53.839413,2025-01-17T11:27:53.839413,,,,,,,,,,BNB,bep2,0.8972663349,addr_H1HZURCPVR,,,,,,,,,,,,,,,True,,,,,,True,2024-12-03T09:24:05.839413,2024-12-17T09:24:05.839413
66M9EN,138,withdraw,False,,50,,fixed,BTC,trc20,DOGE,trc20,from,0.4347689505,addr_STR37PYNZT,,,,,,,,,2024-12-27T11:27:53.839413,2025-01-21T11:27:53.839413,,,,,,,,,,,,,,,,,,,,,,,,,,,,True,,,,,,True,2025-01-15T00:28:00.839413,2025-01-16T11:27:53.839413
Q24KTM,,done,True,Some message about transaction,37,,float,BNB,erc20,USDT,bep2,from,2.4588681263,addr_V5S9SRFLAS,,,,,,,,,,2025-01-18T11:27:53.839413,,,,,,,,,,ETH,bep2,5.7846723687,addr_EGMPSQ20BX,,,,,,,,,,,,,,,False,,,,,,True,2025-01-14T20:27:22.839413,2025-01-16T11:27:53.839413
ESF0O8,493,pending,True,Some message about transaction,10,,float,DOGE,bep20,USDT,main,from,4.145652668,addr_W8E5GWBKQK,,,,,,,,fixed,2024-12-15T11:27:53.839413,2025-01-18T11:27:53.839413,,,,,,,UA8OTZU4BO,1.9665167237,1,,,,,,,,,,,,,,,,,,,False,,,,,,True,2024-12-30T22:32:34.839413,2025-01-04T22:32:34.839413
KCFURL,,exchange,True,,35,Exchanger_2,float,BTC,trc20,BNB,trc20,from,7.9744084187,addr_X7ATG5R6XS,,,,,,6G1EBHMS,,float,2024-12-28T11:27:53.839413,,,,,,,,,,,,,,,,,FV5UIZY91U,2.0325952559,2,,,,,,,,,,False,,,,,,True,2024-10-31T03:23:16.839413,2024-11-13T03:23:16.839413
JM36E3,323,exchange,False,,35,,float,DOGE,trc20,ETH,bep2,from,0.5280555916,addr_WE6XZ8WXK1,,,,,,,,,2024-12-08T11:27:53.839413,,,,,,,,,,,,,,,,,,,,,,,,,,,,,False,,,,,,False,2024-10-27T02:46:32.839413,2024-11-06T02:46:32.839413
25J5V4,255,pending,True,Some message about transaction,15,,float,BNB,bep2,BTC,bep20,from,7.9337796357,addr_CW6I5PJREM,,,,,,9FN2SVO3,,fixed,2024-11-05T11:27:53.839413,,,,,,,,,,,,,,,,,,,,,,,,,,,,,True,,,,,,True,2024-12-07T21:49:41.839413,2024-12-21T21:49:41.839413
BVSNDK,,withdraw,True,Some message about transaction,17,Exchanger_4,float,DOGE,trc20,ETH,bep2,to,0.7081528849,addr_GMDZ9PE72T,,,,,,,,,2024-12-23T11:27:53.839413,2025-01-20T11:27:53.839413,,,,,,,,,,,,,,,,MHBG34M2AW,2.5182161006,5,,,,,,,,,,False,,,,,,False,2024-10-24T18:50:09.839413,2024-10-25T18:50:09.839413
UPU5RB,553,exchange,True,Some message about transaction,16,,fixed,BTC,main,DOGE,bep2,to,4.4224213415,addr_NYUC3EXXDS,,,,,,,4WQ83P7I,,2024-10-25T11:27:53.839413,2025-01-17T11:27:53.839413,,,,,,,,,,,,,,,,,,,,,,,,,,,,True,,,,,,True,2024-12-10T09:42:24.839413,2024-12-15T09:42:24.839413
LB7WV3,,expired,False,,29,Exchanger_4,fixed,BTC,bep2,BNB,bep20,from,2.8545135479,addr_F9ZUZIKDDO,,,,,,,,,,,,,,,,,,,,,,,,,,,,,,,,,,,,,,False,,,,,,False,2024-12-28T05:40:02.839413,2025-01-05T05:40:02.839413
35UNGA,575,handled,False,,12,Exchanger_4,float,USDT,trc20,BTC,trc20,to,4.1440086851,addr_7I1FRB0ZX0,,,,,,NLLCVI9W,,,2024-10-19T11:27:53.839413,2025-01-20T11:27:53.839413,,,,,,,,,,,,,,,,,,,,,,,,,,,,True,,,,,,True,2024-11-04T17:35:30.839413,2024-11-13T17:35:30.839413
201MB8,362,exchange,False,,34,,fixed,ETH,bep2,USDT,erc20,from,1.1838580444,addr_R6MEOI3FS1,,,,,,EKGQJD6N,,,2025-01-02T11:27:53.839413,2025-01-21T11:27:53.839413,DOGE,bep2,4.2698789141,addr_PLF76617PA,,,,,,,,,,,,,,,,,,,,,,,,False,,,,,,True,2024-11-10T11:58:14.839413,2024-11-18T11:58:14.839413
NRNTOH,591,pending,False,,10,,fixed,DOGE,trc20,DOGE,bep20,from,1.6711580817,addr_VXU6DRU8NV,,,,,,,,fixed,2024-10-30T11:27:53.839413,2025-01-17T11:27:53.839413,USDT,erc20,9.8990200765,addr_EN2WWNI7VI,,,W83RN6HYIB,1.9655764057,1,USDT,bep2,4.3790703348,addr_3TOXYWWQK1,,,,,,DOGE,erc20,9.8745929921,addr_YNMDKXH9DN,,,,,,False,,,,,,False,2025-01-01T03:48:44.839413,2025-01-06T03:48:44.839413
E7DWNH,,exchange,True,,2,,fixed,USDT,bep2,BNB,bep20,from,0.709668059,addr_2FDXMJX3V8,,,,,,ZUS8B2CW,W23WECTI,fixed,2024-12-30T11:27:53.839413,,,,,,,,XMJWTAPJTJ,2.7665576687,4,,,,,,,,,,,,,,,,,,,False,,,,,,True,2025-01-10T17:38:47.839413,2025-01-16T11:27:53.839413
3VYFE2,227,exchange,True,,17,Exchanger_3,fixed,ETH,erc20,DOGE,main,from,1.3258600941,addr_1STCX49GE6,,,,,,S1GW4306,,fixed,,2025-01-19T11:27:53.839413,USDT,erc20,8.085769634,addr_BEIX2PBUPM,,,,,,,,,,,,,,,,,,,,,1SKJTX3IK0,8.593040559,2,False,,,,,,False,2024-12-30T18:35:57.839413,2025-01-09T18:35:57.839413
9P7W53,106,handled,True,,31,,fixed,DOGE,main,USDT,erc20,from,9.3522278222,addr_ML8DJ5APZY,,,,,,RAOKRDFY,,,2025-01-06T11:27:53.839413,2025-01-17T11:27:53.839413,,,,,,,SUBJL12G42,8.3725801339,1,,,,,,,,,,,,,,,,,,,True,,,,,,False,2024-11-29T12:19:07.839413,2024-12-09T12:19:07.839413
24CBDN,492,emergency,True,,31,,float,ETH,bep2,BNB,trc20,from,4.9402538685,addr_JJMO7H77UP,,,,,,AA7QWWD0,,,,2025-01-19T11:27:53.839413,,,,,,,,,,,,,,,,,,,,,,,,,,,,True,,,,,,True,2024-11-18T13:13:21.839413,2024-11-19T13:13:21.839413
8GXEDN,,emergency,True,,2,Exchanger_4,float,DOGE,main,BTC,main,from,9.9639415163,addr_LSAHWYKOA6,,,,,,,,fixed,2024-12-31T11:27:53.839413,,,,,,,,,,,,,,,,,,,,,,,,,,,,,False,,,,,,True,2024-11-07T12:09:38.839413,2024-11-14T12:09:38.839413
1B47B2,,expired,False,,16,,float,BTC,bep20,BNB,main,to,7.1019532174,addr_DOX1V94QYY,,,,,,2G6CVFDO,9GAVF5LB,float,2024-11-03T11:27:53.839413,2025-01-20T11:27:53.839413,,,,,,,,,,USDT,bep2,3.1531659366,addr_BFBGU6SMK7,,,,,,,,,,,,,,,False,,,,,,True,2024-11-19T13:38:25.839413,2024-11-23T13:38:25.839413
QUZ16C,293,done,False,,12,,fixed,ETH,erc20,DOGE,erc20,from,0.0901931305,addr_O9IPBJIGH4,,,,,,JFVHLLRK,,float,2024-10-29T11:27:53.839413,,ETH,bep2,4.9072722118,addr_V507R3Z3MX,,,,,,ETH,bep2,9.2211317976,addr_TIXKJYV3KX,,,,,,,,,,,,,,,False,,,,,,False,2024-12-18T17:02:07.839413,2024-12-28T17:02:07.839413
UR14M6,276,withdraw,False,,3,,fixed,BTC,bep20,ETH,erc20,to,6.0397995335,addr_FC54YLY4IO,,,,,,6KD8AMZ9,,,2024-12-18T11:27:53.839413,,,,,,,,,,,,,,,,,,,,,,,,,,,,,False,,,,,,True,2024-11-19T05:52:43.839413,2024-11-30T05:52:43.839413
X2N8QQ,,error,True,,33,Exchanger_2,fixed,BNB,erc20,DOGE,erc20,from,6.1790460579,addr_09E893Y706,,,,,,N3DQKDQH,,fixed,2024-10-30T11:27:53.839413,,,,,,,,,,,DOGE,erc20,0.5431240222,addr_5HXCE97S0O,,,,,,,,,,,,,,,True,,,,,,True,2024-11-15T10:20:01.839413,2024-11-21T10:20:01.839413
L2Z0GL,145,handled,False,Some message about transaction,40,,float,ETH,trc20,ETH,bep2,from,1.5399887805,addr_4EV7F1VSPX,,,,,,OEOQ54NK,9566OW86,,2024-12-22T11:27:53.839413,2025-01-18T11:27:53.839413,,,,,,,,,,,,,,,,,,,,,,,,,,,,False,,,,,,False,2024-10-22T06:35:14.839413,2024-10-29T06:35:14.839413
WTRPG3,115,new,False,,46,,fixed,USDT,erc20,ETH,bep20,to,6.5444930742,addr_7NZFD10YRA,,,,,,,,float,2024-12-28T11:27:53.839413,,,,,,,,PMRK8C1NLG,6.6888473369,5,,,,,,,NRQV5C3SDH,9.6202034093,3,,,,,,,,,,True,,,,,,False,2024-11-06T16:45:54.839413,2024-11-16T16:45:54.839413
NGG1YW,106,exchange,True,,27,,fixed,BNB,trc20,BTC,erc20,to,1.3125623588,addr_DVQ297QMMG,,,,,,L3W6G037,,float,2024-10-26T11:27:53.839413,,ETH,bep20,9.3657799332,addr_FCF57XTX09,,,,,,,,,,,,,,,,,,,,,,,,True,,,,,,True,2024-12-08T23:47:42.839413,2024-12-22T23:47:42.839413
HOJIGD,,new,True,,13,,fixed,BNB,trc20,USDT,trc20,to,0.7392989961,addr_LET3AD7FZ5,,,,,,,,fixed,2024-11-09T11:27:53.839413,2025-01-20T11:27:53.839413,,,,,,,,,,,,,,,,,,,,,,,,,,,,True,,,,,,False,2024-11-09T13:01:52.839413,2024-11-23T13:01:52.839413
UYTRZF,539,pending,True,Some message about transaction,18,Exchanger_3,fixed,ETH,main,ETH,bep2,to,9.1970716948,addr_L7YJGDJP99,,,,,,0R4Y4AXY,4SYUPNSQ,float,2024-11-24T11:27:53.839413,,,,,,,,,,,,,,,,,,,,,,,,,,,,,False,,,,,,True,2024-11-10T20:35:19.839413,2024-11-24T20:35:19.839413
00T8FA,590,expired,False,,33,Exchanger_5,float,DOGE,main,USDT,bep20,to,4.076373281,addr_F96YFGIWR9,,,,,,HED5RNRR,,,2025-01-14T11:27:53.839413,,,,,,,,,,,,,,,,,,,,,,,,,,,,,False,,,,,,True,2024-11-03T03:31:47.839413,2024-11-16T03:31:47.839413
LWETL1,363,handled,False,,16,,fixed,USDT,bep20,DOGE,main,from,6.7246406023,addr_RN7UR7IDGU,,,,,,5W5LMEPW,,,2024-12-24T11:27:53.839413,,,,,,,,1Y5YHJIAB8,0.8038168057,2,,,,,,,YGRYDFW92R,1.7606966763,3,ETH,erc20,8.0235820862,addr_Y2IZS8ZXN0,,,,,,False,,,,,,True,2024-11-16T02:30:08.839413,2024-11-21T02:30:08.839413
DCHJHY,,withdraw,False,,17,,fixed,BTC,bep2,BTC,trc20,from,4.0232030341,addr_ACJI5RR7LU,,,,,,,JUNAOD3D,,2024-11-30T11:27:53.839413,,,,,,,,,,,BNB,main,4.5356742834,addr_7V5GKUIN1R,,,,,,,,,,,,,,,True,,,,,,False,2024-12-17T07:09:53.839413,2024-12-30T07:09:53.839413
WSRCB9,491,pending,False,,14,,float,USDT,main,BTC,erc20,from,7.9630571552,addr_BOI53YQ0GA,,,,,,KOURML50,,,2024-10-31T11:27:53.839413,,DOGE,bep20,5.5517378554,addr_PMZYCG3559,,,,,,,,,,,,,,,,,,,,,,,,False,,,,,,True,2024-12-06T14:29:42.839413,2024-12-10T14:29:42.839413
LYW0YN,542,emergency,True,,45,Exchanger_1,fixed,DOGE,main,BNB,main,from,9.7102068685,addr_GOXPUL72DU,,,,,,3MQAF34D,NDN7T3AK,fixed,,2025-01-18T11:27:53.839413,DOGE,bep20,8.7912904541,addr_6RHJDCWEFK,,,AVD0HS3P5N,7.1955902969,2,,,,,,,,,,,,,,,,,,,False,,,,,,True,2025-01-08T08:49:04.839413,2025-01-11T08:49:04.839413
5X76KD,477,done,True,,23,,float,BTC,main,ETH,erc20,to,0.7485846964,addr_7EFGE6EB86,,,,,,JLIS10BT,8RBU7Q01,float,2024-12-20T11:27:53.839413,,,,,,,,,,,,,,,,,,,,,,,,,,,,,False,,,,,,False,2024-11-05T10:08:55.839413,2024-11-08T10:08:55.839413
4UZ595,526,exchange,False,,3,Exchanger_1,fixed,BTC,bep2,DOGE,erc20,from,8.4387686375,addr_2OLTVQH693,,,,,,,MWUJQ5IN,,2024-12-05T11:27:53.839413,,DOGE,main,1.1619360354,addr_18P02XCCI6,,,,,,,,,,,,,,,,,,,,,,,,False,,,,,,True,2025-01-04T03:58:12.839413,2025-01-16T03:58:12.839413
KOCBO3,283,expired,True,,14,,float,DOGE,main,BTC,bep20,from,0.6461111409,addr_3CCGG4900E,,,,,,,,fixed,,,,,,,,,,,,BNB,bep2,1.3650993353,addr_ZYPNXB2BLQ,,,,,,,,,,,,,,,False,,,,,,True,2024-12-24T08:30:15.839413,2024-12-28T08:30:15.839413
9FAZ9G,,handled,False,Some message about transaction,12,,fixed,USDT,erc20,USDT,bep20,to,6.7376954856,addr_24G7HDF3LX,,,,,,4B6QSI9Y,,,2024-11-25T11:27:53.839413,,,,,,,,,,,,,,,,,,,,,,,,,,,,,False,,,,,,False,2024-12-03T14:25:36.839413,2024-12-15T14:25:36.839413
DS4LI3,182,exchange,True,Some message about transaction,23,,fixed,USDT,trc20,ETH,bep2,to,1.8729253624,addr_LWJACX06F5,,,,,,,,,2024-11-25T11:27:53.839413,2025-01-20T11:27:53.839413,,,,,,,,,,ETH,main,4.9514451062,addr_FU8TP3PSU8,,,,,,,,,,,,,,,True,,,,,,True,2024-12-10T08:03:22.839413,2024-12-25T08:03:22.839413
QNOQZH,,pending,False,,43,,float,BTC,bep20,USDT,main,from,7.861939674,addr_TB08WYH3DV,,,,,,,,float,2024-12-18T11:27:53.839413,2025-01-21T11:27:53.839413,,,,,,,,,,,,,,,,,,,USDT,bep20,6.1823898427,addr_2ELRPQB8Y1,,,,,,False,,,,,,False,2024-12-08T08:06:33.839413,2024-12-21T08:06:33.839413
BK3KT2,,created,False,,27,,float,USDT,erc20,ETH,bep2,to,1.4319314835,addr_XRG4G6UACZ,,,,,,,,,2024-12-17T11:27:53.839413,,,,,,,,,,,,,,,,,,,,,,,,,,,,,False,,,,,,True,2024-10-22T19:53:26.839413,2024-11-02T19:53:26.839413
J1BTYU,480,error,False,Some message about transaction,19,Exchanger_5,fixed,USDT,bep20,BNB,trc20,to,1.3416396306,addr_S5RBJYG2ED,,,,,,,,fixed,2024-11-09T11:27:53.839413,2025-01-19T11:27:53.839413,,,,,,,,,,,,,,,,,,,BNB,erc20,0.3600269379,addr_QDF967I4DL,,,,,,False,,,,,,True,2024-12-24T20:55:06.839413,2024-12-29T20:55:06.839413
A05BJZ,,pending,True,Some message about transaction,21,,fixed,BTC,trc20,BNB,main,to,1.0838475408,addr_LP31A4C13T,,,,,,,,fixed,,2025-01-21T11:27:53.839413,,,,,,,,,,,,,,,,,,,,,,,,,W32HJOV143,1.3888347516,4,True,,,,,,False,2024-11-17T23:07:45.839413,2024-11-28T23:07:45.839413
DP3C0U,439,done,False,,32,Exchanger_5,float,ETH,erc20,DOGE,erc20,from,0.3125867714,addr_2ZWPBBIV64,,,,,,,OZAI5P4G,,2025-01-09T11:27:53.839413,2025-01-19T11:27:53.839413,,,,,,,,,,,,,,,,,,,,,,,,,,,,True,,,,,,False,2024-11-01T23:58:29.839413,2024-11-08T23:58:29.839413
XQ3SEJ,249,error,True,,37,,fixed,BTC,bep2,BNB,bep2,to,8.3111765432,addr_TXSYBFACPE,,,,,,VJ80SVO2,,fixed,2024-11-29T11:27:53.839413,2025-01-21T11:27:53.839413,,,,,,,TMBVMYC5IY,8.695397859,3,,,,,,,MXW89J31OR,4.8279848579,5,,,,,,,,,,True,,,,,,False,2024-11-19T16:22:35.839413,2024-11-25T16:22:35.839413
K29PL5,199,expired,False,,27,Exchanger_3,fixed,DOGE,bep20,USDT,bep2,to,1.2909329546,addr_7S81KLUMLO,,,,,,,,fixed,2025-01-07T11:27:53.839413,,,,,,,,XBBRHC28Y1,1.349124188,3,BNB,bep20,5.9449233488,addr_DINZT4MRND,,,,,,,,,,,,,,,True,,,,,,True,2024-12-19T04:59:59.839413,2025-01-02T04:59:59.839413
M03UVY,147,error,False,Some message about transaction,23,,fixed,DOGE,erc20,USDT,main,from,3.5625072371,addr_2JFI791SKR,,,,,,52HDFI74,,,2024-11-16T11:27:53.839413,2025-01-21T11:27:53.839413,,,,,,,,,,,,,,,,,,,,,,,,,,,,True,,,,,,False,2025-01-04T02:44:04.839413,2025-01-09T02:44:04.839413
NMKDE1,,handled,False,Some message about transaction,23,Exchanger_1,float,BNB,erc20,ETH,main,to,5.2977104137,addr_XYQDS12NNK,,,,,,,IH1IOKIT,,,2025-01-18T11:27:53.839413,DOGE,main,2.5967547995,addr_C9MA1OTGFN,,,,,,,,,,,,,,,,,,,,,,,,True,,,,,,False,2024-12-09T18:47:46.839413,2024-12-15T18:47:46.839413
40Q1QI,568,withdraw,False,Some message about transaction,50,,float,ETH,bep2,BTC,erc20,to,3.1875627859,addr_1WDKKJMAG6,,,,,,,,,2024-11-19T11:27:53.839413,2025-01-21T11:27:53.839413,BNB,trc20,8.7262143305,addr_BII147IG5T,,,,,,,,,,,,,,,,,,,,,,,,True,,,,,,True,2025-01-03T05:31:37.839413,2025-01-15T05:31:37.839413
GM3H2Z,135,withdraw,False,,3,,fixed,USDT,bep2,BTC,erc20,from,6.6212740732,addr_ZV1QSPUYTE,,,,,,,,,,,,,,,,,,,,,,,,,,,,,,,,,,,,,,False,,,,,,False,2025-01-08T14:20:13.839413,2025-01-11T14:20:13.839413
35ROPK,,error,False,,44,Exchanger_2,fixed,BNB,bep20,BTC,erc20,from,7.1246449809,addr_XQVTADE48U,,,,,,,,,2024-12-22T11:27:53.839413,,,,,,,,,,,,,,,,,,,,,,,,,,,,,True,,,,,,False,2024-10-18T22:39:47.839413,2024-10-26T22:39:47.839413
CCT2DB,304,error,False,Some message about transaction,6,,fixed,BTC,main,BNB,bep2,to,0.6511933177,addr_F57CPZJQWH,,,,,,NQ24FK9F,BO2R6L4J,fixed,2024-12-21T11:27:53.839413,,,,,,,,,,,,,,,,,,,,,,,,,,,,,False,,,,,,False,2024-11-25T04:54:16.839413,2024-11-26T04:54:16.839413
X6VPK9,484,emergency,True,,44,Exchanger_5,float,BNB,erc20,BTC,trc20,from,6.0886958791,addr_EE4CXXH8RP,,,,,,2EX3FHE1,,float,2024-10-21T11:27:53.839413,2025-01-18T11:27:53.839413,,,,,,,,,,,,,,,,,,,DOGE,bep2,6.3196335644,addr_F8QAIIHPR6,,,,,,True,,,,,,False,2025-01-01T16:48:34.839413,2025-01-03T16:48:34.839413
CMX0F8,488,done,True,,19,,float,BNB,trc20,USDT,bep20,from,2.4315985487,addr_FKWEVUT8PQ,,,,,,,,,2024-11-02T11:27:53.839413,,,,,,,,,,,,,,,,,,,,,,,,,,,,,True,,,,,,True,2024-11-23T09:05:39.839413,2024-11-23T09:05:39.839413
ULJ2QQ,,handled,True,,20,,fixed,ETH,main,USDT,erc20,to,0.259233012,addr_QG5XU249NO,,,,,,,TU4YHSA4,float,2024-11-17T11:27:53.839413,2025-01-18T11:27:53.839413,,,,,,,,,,,,,,,,,,,,,,,,,,,,True,,,,,,False,2024-11-26T16:31:27.839413,2024-12-09T16:31:27.839413
U7CPR0,,expired,False,,29,,float,USDT,bep2,BNB,bep20,from,8.5584520296,addr_8L8M9M37N0,,,,,,,,fixed,2024-11-15T11:27:53.839413,2025-01-20T11:27:53.839413,,,,,,,,,,,,,,,,,,,,,,,,,,,,False,,,,,,True,2024-11-13T12:46:35.839413,2024-11-13T12:46:35.839413
M6FZG0,,emergency,False,,42,,fixed,BNB,main,DOGE,main,from,1.8104968451,addr_UJJ55XNTK3,,,,,,35ZVWD1A,03HT5TGD,float,2024-11-08T11:27:53.839413,,,,,,,,,,,,,,,,,,,,,,,,,,,,,True,,,,,,True,2024-11-18T15:27:36.839413,2024-11-22T15:27:36.839413
QEKIU1,567,new,True,,15,Exchanger_2,float,DOGE,erc20,ETH,erc20,to,6.3127304005,addr_T1RNSWG87S,,,,,,,,fixed,2025-01-01T11:27:53.839413,,,,,,,,,,,,,,,,,2O9VNSY4M1,1.2037414149,5,,,,,,,,,,False,,,,,,False,2024-11-28T22:11:40.839413,2024-11-29T22:11:40.839413
3VDXBP,203,done,True,Some message about transaction,50,Exchanger_4,float,BTC,bep2,DOGE,main,from,3.1089438981,addr_BCOOUN375N,,,,,,O2EN0NH2,,float,2024-12-21T11:27:53.839413,,USDT,bep2,2.6125452384,addr_F4EUHEQZCG,,,,,,ETH,bep20,1.7178089255,addr_MIO3HW3OXK,,,,,,,,,,,,,,,True,,,,,,False,2024-10-30T11:46:12.839413,2024-11-11T11:46:12.839413
7HJAUZ,267,new,False,,47,Exchanger_4,fixed,BNB,bep20,USDT,main,from,5.3028400178,addr_58KP33ACU3,,,,,,,,fixed,2024-10-24T11:27:53.839413,,,,,,,,,,,DOGE,bep20,4.7094930365,addr_HESO9LSENX,,,,,,,,,,,,,,,True,,,,,,False,2025-01-01T06:44:54.839413,2025-01-08T06:44:54.839413
COHQA3,290,emergency,False,Some message about transaction,17,,float,BNB,erc20,USDT,bep20,from,3.5534908716,addr_P8FD45W2VA,,,,,,,,,,2025-01-18T11:27:53.839413,,,,,,,,,,,,,,,,,,,,,,,,,,,,True,,,,,,True,2025-01-05T19:42:47.839413,2025-01-12T19:42:47.839413
WLMR33,132,expired,False,,17,,float,BNB,bep2,BTC,main,from,9.735272954,addr_6IO8EV5PXD,,,,,,,,,,,,,,,,,,,,,,,,,,VSNNNSRQ0U,1.5401568545,2,,,,,,,,,,True,,,,,,True,2025-01-13T05:41:49.839413,2025-01-14T05:41:49.839413
A39M6U,528,exchange,False,,20,,float,BTC,bep2,ETH,trc20,from,0.4290533827,addr_H4PE3ZJSPR,,,,,,,FTEBTS0K,,,,USDT,bep20,3.4168106848,addr_2DMJHXEEUY,,,,,,DOGE,erc20,0.4769985934,addr_5MIQ3EQB1E,,,,,,,,,,,,,,,False,,,,,,True,2024-11-09T12:30:12.839413,2024-11-24T12:30:12.839413
Z9QE3Q,,handled,True,,29,,fixed,DOGE,erc20,BTC,trc20,to,6.4136841413,addr_16BO1N9QG7,,,,,,,,,2024-11-07T11:27:53.839413,,,,,,,,,,,,,,,,,,,,,,,,,,,,,False,,,,,,True,2024-12-03T12:49:21.839413,2024-12-18T12:49:21.839413
HDP8CP,241,error,False,,2,Exchanger_4,float,BNB,main,BNB,main,from,4.7445140079,addr_7ZMFHJM8IS,,,,,,,,float,2024-11-21T11:27:53.839413,2025-01-17T11:27:53.839413,,,,,,,5NVJ0KRA5R,8.3616480472,5,,,,,,,,,,,,,,,,,,,False,,,,,,False,2024-10-24T10:24:27.839413,2024-10-30T10:24:27.839413
EEA0B7,364,emergency,False,,6,Exchanger_1,fixed,USDT,bep20,BTC,trc20,from,5.7257665527,addr_NZNNKA8EN0,,,,,,,,float,2024-12-09T11:27:53.839413,,,,,,,,,,,,,,,,,,,,,,,,,,,,,True,,,,,,False,2024-12-23T00:58:38.839413,2024-12-29T00:58:38.839413
87KWER,216,expired,True,,7,,fixed,DOGE,erc20,BTC,bep20,to,0.5956079455,addr_AB5SJ6HAMJ,,,,,,6DQYGD4E,,,,2025-01-19T11:27:53.839413,,,,,,,,,,BTC,bep20,1.5859812789,addr_UWSPUSWM54,,,,,,,,,,,,,,,True,,,,,,False,2024-11-15T02:43:50.839413,2024-11-18T02:43:50.839413
B3M4WV,,withdraw,True,,24,Exchanger_5,float,BTC,bep2,USDT,bep2,to,7.6364526431,addr_3JYD1ERS3Z,,,,,,,,,2024-12-24T11:27:53.839413,,ETH,erc20,8.4018256337,addr_NV2ONAJ6O6,,,,,,,,,,,,DCJT8I20QE,6.465636615,5,,,,,,,,,,True,,,,,,False,2024-10-28T00:18:56.839413,2024-11-01T00:18:56.839413
7AI404,155,emergency,True,,36,,fixed,BTC,trc20,USDT,bep20,from,1.0644008902,addr_ZNGB76HCDN,,,,,,,Q6QLLHI4,,2025-01-01T11:27:53.839413,,,,,,,,,,,DOGE,trc20,2.5520414597,addr_OUCVFQ092H,,,W92D7W1DSN,3.7596938869,4,,,,,,,,,,False,,,,,,True,2024-11-07T08:37:45.839413,2024-11-14T08:37:45.839413
MAFMW2,101,error,False,,34,Exchanger_4,fixed,USDT,trc20,ETH,erc20,to,0.4992383991,addr_C9TMIGG4YQ,,,,,,,PAMADD6Q,,2024-12-03T11:27:53.839413,2025-01-21T11:27:53.839413,,,,,,,,,,,,,,,,,,,BTC,bep20,0.8351359327,addr_0WOGCKVBMH,,,,,,True,,,,,,False,2024-11-05T02:18:22.839413,2024-11-08T02:18:22.839413
2T3E54,356,pending,True,,48,Exchanger_5,fixed,BNB,main,DOGE,main,from,0.7386500395,addr_JZFAU6CUSM,,,,,,,,float,2025-01-15T11:27:53.839413,2025-01-21T11:27:53.839413,,,,,,,,,,,,,,,,,,,,,,,,,XPS2MWVOPU,4.8114395286,2,False,,,,,,True,2024-12-18T05:10:15.839413,2024-12-29T05:10:15.839413
QTQR4X,237,emergency,True,,1,,fixed,DOGE,erc20,DOGE,bep2,to,8.2276176285,addr_SOG6QUIIFZ,,,,,,,,,2024-12-26T11:27:53.839413,,,,,,,,,,,,,,,,,,,,,,,,,,,,,False,,,,,,True,2024-11-30T05:37:13.839413,2024-12-03T05:37:13.839413
XBXV1V,219,error,False,,48,,float,DOGE,bep20,DOGE,trc20,from,8.8856865151,addr_IPG0PDWGIM,,,,,,,,,2024-12-26T11:27:53.839413,,USDT,trc20,1.2604022747,addr_ZHITCIAME9,,,M7W03OXSO0,5.3199488572,2,,,,,,,,,,,,,,,,,,,False,,,,,,True,2024-12-06T15:43:44.839413,2024-12-21T15:43:44.839413
8Z7TSR,576,done,False,,44,Exchanger_2,fixed,USDT,bep2,ETH,bep2,to,6.742949713,addr_HC72I496Q7,,,,,,AXLUM6AJ,,fixed,2024-10-21T11:27:53.839413,2025-01-21T11:27:53.839413,,,,,,,,,,,,,,,,,,,,,,,,,,,,True,,,,,,False,2025-01-08T05:14:34.839413,2025-01-13T05:14:34.839413
SLF7IU,430,created,True,Some message about transaction,47,,fixed,BNB,trc20,DOGE,bep2,to,6.8556091875,addr_54ARCR0K5I,,,,,,,,,2025-01-09T11:27:53.839413,2025-01-19T11:27:53.839413,,,,,,,,,,,,,,,,,,,,,,,,,,,,True,,,,,,False,2024-12-08T07:28:05.839413,2024-12-08T07:28:05.839413
V1D3JW,,error,True,,33,,float,BTC,bep20,BTC,bep20,to,9.8639250193,addr_I00X48Z5HT,,,,,,0070ISE5,PNO7IJXM,fixed,2024-10-21T11:27:53.839413,,,,,,,,,,,,,,,,,,,,,,,,,,,,,False,,,,,,False,2024-11-08T19:09:55.839413,2024-11-22T19:09:55.839413
9SVZB8,362,withdraw,True,,27,,float,BNB,trc20,ETH,erc20,to,7.2392970419,addr_FRR8833F19,,,,,,8YFP0TZH,,fixed,,2025-01-20T11:27:53.839413,ETH,main,8.5684570289,addr_PKY4VCVNNQ,,,,,,BNB,erc20,2.0566699551,addr_4LE3DBVXLL,,,,,,USDT,trc20,2.3475729439,addr_SAF58PON68,,,,,,True,,,,,,False,2024-12-25T12:03:06.839413,2024-12-31T12:03:06.839413
AXFFO7,356,error,True,Some message about transaction,8,,fixed,USDT,main,USDT,trc20,from,0.095364777,addr_5ZL7HAIA00,,,,,,QL09ENB4,6O5LFTFS,float,2024-11-28T11:27:53.839413,,,,,,,,,,,ETH,erc20,3.0541533435,addr_WCRXKT88GH,,,483GNNMBZX,5.2584088858,1,,,,,,,,,,False,,,,,,True,2025-01-05T05:01:48.839413,2025-01-11T05:01:48.839413
BGPSFL,407,pending,False,Some message about transaction,29,,fixed,BTC,trc20,ETH,main,from,6.6643833252,addr_EHDDMSES0R,,,,,,A351BBW9,,fixed,2024-11-02T11:27:53.839413,2025-01-18T11:27:53.839413,DOGE,bep20,5.7015815121,addr_04PE06ZCWB,,,,,,,,,,,,,,,,,,,,,,,,True,,,,,,True,2024-10-29T05:25:14.839413,2024-11-11T05:25:14.839413
MI99AY,169,exchange,False,Some message about transaction,24,,fixed,USDT,trc20,BNB,bep20,to,5.7804791254,addr_EWNBVFKPUG,,,,,,,,float,2024-11-22T11:27:53.839413,2025-01-20T11:27:53.839413,,,,,,,,,,USDT,main,1.5418506204,addr_X7LKKSFNKO,,,,,,,,,,,,,,,False,,,,,,True,2024-12-04T05:20:47.839413,2024-12-12T05:20:47.839413
OSVVIT,533,withdraw,False,,9,Exchanger_3,float,USDT,bep2,BNB,bep2,to,9.8010901558,addr_MZ188TUUPN,,,,,,,,,2024-12-29T11:27:53.839413,,,,,,,,,,,,,,,,,,,,BNB,bep20,5.2197754105,addr_F5Q2I3RMJ9,,,,,,True,,,,,,True,2024-11-07T10:00:24.839413,2024-11-16T10:00:24.839413
W30NYP,,pending,True,,23,Exchanger_1,float,USDT,bep2,BNB,main,to,5.0682692475,addr_8PFH3U5KEC,,,,,,SSSJJNGL,,,2024-11-11T11:27:53.839413,2025-01-19T11:27:53.839413,ETH,erc20,0.1072548678,addr_D512C8NLVD,,,,,,,,,,,,,,,,,,,,,,,,False,,,,,,False,2024-12-18T04:32:07.839413,2024-12-21T04:32:07.839413
VEEQBL,352,exchange,False,,18,,fixed,ETH,erc20,DOGE,erc20,from,2.5296925672,addr_J3CO3MTE8W,,,,,,H40KUYON,VPGZDA6X,,2024-12-18T11:27:53.839413,,,,,,,,F4GTOA1A5K,9.6968959235,3,USDT,bep20,6.7130594281,addr_X729BPMCSS,,,,,,,,,,,,,,,False,,,,,,False,2024-10-31T12:58:10.839413,2024-11-03T12:58:10.839413
R57P8B,297,created,False,,13,Exchanger_4,float,ETH,main,USDT,main,to,9.5516728755,addr_W5R7640T3V,,,,,,,FR3FZAPA,float,2025-01-02T11:27:53.839413,,BTC,bep2,1.8264738229,addr_N7BELCAI79,,,SJ99H46E7E,8.4437745851,4,,,,,,,,,,,,,,,,,,,True,,,,,,False,2024-10-21T22:59:31.839413,2024-10-27T22:59:31.839413
C34UP7,532,done,True,Some message about transaction,20,Exchanger_4,fixed,BNB,trc20,BTC,bep2,from,0.178151975,addr_2CTQ24PDE1,,,,,,,,float,2024-12-22T11:27:53.839413,,,,,,,,,,,,,,,,,,,,,,,,,,,,,False,,,,,,True,2024-10-19T21:36:39.839413,2024-10-19T21:36:39.839413
3DKB2C,188,withdraw,False,,37,,float,ETH,trc20,USDT,trc20,to,4.7750857151,addr_FB72Q2W4XR,,,,,,T6G9I4PD,,,2024-12-24T11:27:53.839413,2025-01-17T11:27:53.839413,,,,,,,,,,,,,,,,,,,,,,,,,,,,True,,,,,,False,2024-12-20T17:57:19.839413,2024-12-23T17:57:19.839413
MI7S32,,withdraw,True,Some message about transaction,40,,fixed,DOGE,bep2,BNB,bep2,to,4.5043359277,addr_KG4E91602F,,,,,,,,float,2024-12-06T11:27:53.839413,,,,,,,,,,,,,,,,,,,,,,,,,,,,,True,,,,,,True,2024-11-23T06:45:53.839413,2024-12-03T06:45:53.839413
WZFZWX,402,pending,False,,9,Exchanger_4,fixed,BNB,erc20,BTC,trc20,from,4.6606231729,addr_ULDGSZ5WUS,,,,,,,YC9A78ZD,,2025-01-06T11:27:53.839413,2025-01-20T11:27:53.839413,,,,,,,G0E6HCE6JM,1.3735261272,2,,,,,,,ZJNBYRBM80,2.6810659135,5,,,,,,,,,,False,,,,,,False,2024-12-02T08:26:32.839413,2024-12-10T08:26:32.839413
HFLSCH,,withdraw,False,Some message about transaction,27,,float,DOGE,main,DOGE,erc20,from,6.4391679202,addr_GLXXWMOIAG,,,,,,DPEEWMCT,QXKWMB56,float,2024-12-28T11:27:53.839413,,,,,,,,MMVUH610RH,9.4431909013,4,DOGE,trc20,9.0943697368,addr_XGQBNZQ4FU,,,,,,BNB,bep20,2.8625990969,addr_5KM86OLY06,,,,,,False,,,,,,True,2024-11-12T10:31:42.839413,2024-11-12T10:31:42.839413
LIUAK0,153,error,False,Some message about transaction,22,Exchanger_3,float,ETH,bep20,ETH,bep2,from,2.9740872379,addr_KF0YY6P1G4,,,,,,,,float,2024-11-12T11:27:53.839413,,,,,,,,,,,,,,,,,,,,,,,,,,,,,False,,,,,,False,2024-11-02T20:41:56.839413,2024-11-05T20:41:56.839413
ABIP8G,573,created,True,,23,,fixed,DOGE,bep20,BTC,bep20,from,4.8862943029,addr_E1H9XO7Z93,,,,,,PT6MO154,,fixed,2024-12-13T11:27:53.839413,2025-01-19T11:27:53.839413,,,,,,,,,,,,,,,,,,,,,,,,,,,,False,,,,,,False,2024-11-09T15:22:50.839413,2024-11-19T15:22:50.839413
V9G5W3,,done,True,,40,,fixed,DOGE,main,USDT,bep2,from,6.3568767799,addr_M5AB9OLKGP,,,,,,H5KAXVS1,,,2024-11-03T11:27:53.839413,2025-01-19T11:27:53.839413,BNB,trc20,2.1548554055,addr_KLKADWR9RU,,,,,,,,,,,,,,,,,,,,,,,,False,,,,,,True,2024-12-17T11:11:12.839413,2024-12-30T11:11:12.839413
FUZ7BC,494,done,True,Some message about transaction,23,,float,ETH,main,ETH,bep20,from,8.8376622564,addr_HAJUL7C0NS,,,,,,SQJP3LQZ,4MADPHET,,2024-12-13T11:27:53.839413,,,,,,,,,,,,,,,,,,,,,,,,,,,,,False,,,,,,False,2024-10-21T20:27:55.839413,2024-10-28T20:27:55.839413
O9ZYF3,174,new,True,,15,,float,BTC,bep2,BNB,erc20,from,9.3867736537,addr_B5DHSLFSNM,,,,,,FM7SZY4Z,,,2024-11-13T11:27:53.839413,2025-01-18T11:27:53.839413,,,,,,,N5A8PK9BC0,7.2529391806,2,BTC,bep2,4.5205702471,addr_XETE833Y99,,,,,,,,,,,,,,,True,,,,,,False,2024-11-12T06:00:16.839413,2024-11-27T06:00:16.839413
NCXOL0,,handled,True,,47,,fixed,ETH,main,BNB,erc20,from,7.3720099906,addr_F6NOVAIQBL,,,,,,KXA4E08B,,fixed,,,USDT,main,6.71313659,addr_LVX9GHQBXC,,,WANO211RB5,0.6371466958,3,,,,,,,,,,,,,,,,,,,False,,,,,,True,2024-11-13T12:51:28.839413,2024-11-18T12:51:28.839413
12ESGJ,325,created,True,,11,Exchanger_5,float,BNB,bep20,BNB,bep20,from,2.7436932286,addr_46EIUDPMF3,,,,,,T5D91PW4,,,2024-12-08T11:27:53.839413,,ETH,bep2,3.9827649137,addr_JSTHPFFSM0,,,,,,,,,,,,,,,,,,,,,,,,False,,,,,,False,2024-12-27T12:00:11.839413,2025-01-04T12:00:11.839413
WIHQ2W,572,handled,False,Some message about transaction,22,,fixed,DOGE,bep20,ETH,main,from,5.9463920522,addr_XWCLI1YXRK,,,,,,UX3DSNUQ,HCWQRIGE,,2024-10-19T11:27:53.839413,,BNB,trc20,7.7516749028,addr_CKAEZDHGH1,,,,,,,,,,,,,,,,,,,,,,,,True,,,,,,False,2024-11-19T03:51:46.839413,2024-11-24T03:51:46.839413
ONCQ1N,222,new,True,,2,,fixed,BTC,bep2,DOGE,main,to,2.8315556784,addr_YLHPBAKJZN,,,,,,X0525HS1,,float,2025-01-02T11:27:53.839413,,,,,,,,QLAEFRXIYX,2.9309704893,2,,,,,,,VVMR79DIN6,4.0052999257,1,ETH,bep20,5.5620420848,addr_6NCI1WCJNF,,,,,,False,,,,,,True,2024-12-22T17:56:29.839413,2024-12-31T17:56:29.839413
0SKN0J,552,handled,True,Some message about transaction,9,,float,DOGE,trc20,USDT,main,from,2.6113136277,addr_5Q4ETIDBQ3,,,,,,,L0L87GI9,,2024-11-30T11:27:53.839413,2025-01-21T11:27:53.839413,,,,,,,,,,,,,,,,G9MW1JWZEW,5.3573516175,3,,,,,,,,,,False,,,,,,True,2025-01-13T01:16:29.839413,2025-01-16T11:27:53.839413
I78A3A,112,withdraw,True,,35,Exchanger_1,float,BNB,bep20,ETH,erc20,to,3.6285378775,addr_7LHZ36VEPK,,,,,,,,,2024-11-01T11:27:53.839413,,,,,,,,,,,,,,,,,,,,,,,,,,,,,False,,,,,,False,2025-01-13T19:39:56.839413,2025-01-16T11:27:53.839413
9XSGE7,,pending,False,Some message about transaction,16,Exchanger_3,fixed,BTC,main,BNB,erc20,from,1.0541668907,addr_QX0GPHB8TL,,,,,,HZSQYVJM,,float,2024-12-22T11:27:53.839413,2025-01-20T11:27:53.839413,,,,,,,,,,BNB,bep20,0.1905983196,addr_4H6A5CYHQX,,,,,,,,,,,,,,,False,,,,,,False,2024-11-09T16:33:48.839413,2024-11-23T16:33:48.839413
D456AB,599,handled,False,,33,,float,USDT,bep2,ETH,bep2,from,4.9508850338,addr_GKCR9421U1,,,,,,68RWFATI,,,2024-12-09T11:27:53.839413,2025-01-21T11:27:53.839413,,,,,,,,,,,,,,,,,,,,,,,,,,,,False,,,,,,False,2025-01-15T22:15:25.839413,2025-01-16T11:27:53.839413
56FY77,491,created,True,,16,Exchanger_3,float,ETH,erc20,ETH,bep20,from,3.2912106724,addr_8XJT5ZY7BL,,,,,,NBDGHE1X,,,2024-10-30T11:27:53.839413,,DOGE,bep20,5.5805800118,addr_O29CTDVPOL,,,,,,BTC,erc20,6.0698114222,addr_0DHVUXMN0N,,,Y5MP1SGJVE,7.6115556903,4,BNB,main,5.8046292756,addr_DD96XR8DY1,,,,,,False,,,,,,True,2025-01-12T22:46:22.839413,2025-01-12T22:46:22.839413
FH5BWT,,created,False,,19,,float,BNB,main,BTC,main,to,4.2341826515,addr_MN3MEEZBTV,,,,,,9XBSN36N,,,,,,,,,,,,,,BNB,erc20,9.5895292331,addr_E3C1M3JUYG,,,RDZFAXS5YL,1.0430793553,3,,,,,,,,,,True,,,,,,False,2024-11-20T12:35:20.839413,2024-11-30T12:35:20.839413
H6UPXB,429,expired,False,,40,Exchanger_1,float,BNB,trc20,BTC,trc20,to,5.5083190967,addr_9XLXTWDKQ8,,,,,,,,,2024-11-27T11:27:53.839413,,,,,,,,8LU84TP7BD,2.6872734714,5,BNB,erc20,2.2347530377,addr_6QIJS8N1J0,,,,,,,,,,,,,,,True,,,,,,False,2025-01-09T05:02:37.839413,2025-01-16T11:27:53.839413
0PSUJY,104,done,True,,34,,float,BTC,bep20,USDT,trc20,from,1.4806062237,addr_SRZOL2HT1H,,,,,,,,fixed,2025-01-07T11:27:53.839413,,BNB,erc20,4.8068254988,addr_VAY43H8T72,,,,,,,,,,,,VNOSI053I5,1.0261142092,1,,,,,,,,,,False,,,,,,False,2024-12-23T13:27:14.839413,2024-12-26T13:27:14.839413
EVYAJO,424,exchange,False,,23,Exchanger_4,fixed,BNB,bep20,DOGE,erc20,to,7.7822890595,addr_JONCD0IVIP,,,,,,,,,2024-11-07T11:27:53.839413,,,,,,,,,,,,,,,,,,,,,,,,,,,,,False,,,,,,True,2024-11-13T10:29:41.839413,2024-11-28T10:29:41.839413
WL15I6,,new,True,,41,,float,DOGE,erc20,BTC,erc20,from,7.6404677954,addr_84O94L4CDL,,,,,,,,fixed,2024-10-22T11:27:53.839413,,BNB,trc20,6.1036408658,addr_3TM5EXO007,,,,,,,,,,,,,,,USDT,bep2,4.8245430517,addr_AK5ONR0GX5,,,Q40VKMGJ55,0.8521792722,4,True,,,,,,False,2024-11-11T07:59:20.839413,2024-11-25T07:59:20.839413
IQ1NMC,,error,True,,13,,float,ETH,trc20,DOGE,erc20,from,7.9081769857,addr_NM9EPTDKLA,,,,,,41034AZB,383F64NR,fixed,2024-10-24T11:27:53.839413,,ETH,bep2,9.5457714099,addr_1HB4LFP58O,,,,,,,,,,,,,,,,,,,,,,,,True,,,,,,True,2024-11-05T22:33:20.839413,2024-11-16T22:33:20.839413
QS8QDV,445,new,True,Some message about transaction,1,,float,ETH,main,BNB,bep20,from,5.5692463773,addr_UI9JUPNHOO,,,,,,,P3CVBRBC,fixed,2024-11-25T11:27:53.839413,2025-01-19T11:27:53.839413,,,,,,,,,,,,,,,,,,,,,,,,,,,,True,,,,,,True,2024-11-07T15:52:51.839413,2024-11-20T15:52:51.839413
CJ9LH0,101,pending,False,,2,,float,DOGE,erc20,BNB,main,to,4.8600015178,addr_GRIIQYAM3F,,,,,,TNAGQ88G,,,2025-01-11T11:27:53.839413,2025-01-18T11:27:53.839413,DOGE,bep20,4.0740137144,addr_TD3VAU4RLP,,,,,,,,,,,,,,,,,,,,,,,,True,,,,,,True,2024-12-23T01:41:19.839413,2025-01-03T01:41:19.839413
NEA1TX,,created,False,Some message about transaction,18,,float,DOGE,erc20,ETH,bep20,from,8.5735174744,addr_SKWCVWENNE,,,,,,,,,2024-10-21T11:27:53.839413,,,,,,,,99ZZ7ZZZHO,5.1382796793,3,,,,,,,,,,,,,,,,,,,False,,,,,,True,2024-12-15T14:28:27.839413,2024-12-25T14:28:27.839413
OMI27S,326,created,True,,31,,float,USDT,main,BTC,bep20,from,3.0202252592,addr_OLCX6TZZ9M,,,,,,,,fixed,,2025-01-21T11:27:53.839413,,,,,,,,,,,,,,,,,,,,,,,,,,,,False,,,,,,True,2025-01-02T23:51:02.839413,2025-01-10T23:51:02.839413
R5FWV9,373,error,False,,4,,float,USDT,bep2,ETH,main,from,6.6247448615,addr_VGW67R68NA,,,,,,ECSBKOK7,,float,2024-12-28T11:27:53.839413,2025-01-20T11:27:53.839413,,,,,,,,,,,,,,,,,,,,,,,,,,,,False,,,,,,True,2024-11-04T02:14:34.839413,2024-11-04T02:14:34.839413
QAZDE4,376,pending,True,,16,,fixed,USDT,bep20,ETH,bep2,from,5.4244475933,addr_FALDECTH0Z,,,,,,,0L8EDEEX,fixed,2024-12-19T11:27:53.839413,2025-01-18T11:27:53.839413,ETH,bep20,8.3682358291,addr_ZMDQC3QM3H,,,38MKNT6V0U,5.1787910192,4,,,,,,,,,,BNB,erc20,5.9217867971,addr_8DPEGMPG1S,,,,,,False,,,,,,False,2025-01-08T07:26:00.839413,2025-01-13T07:26:00.839413
NQ7WZ9,411,created,True,,34,Exchanger_5,fixed,BTC,erc20,USDT,bep20,to,4.5369590621,addr_0MUNGD6X6D,,,,,,MQ63TCDY,,fixed,2024-12-24T11:27:53.839413,,BTC,bep20,9.8085854182,addr_16XDVP1ZU8,,,8C480E98HI,4.1073109433,4,,,,,,,,,,,,,,,,,,,False,,,,,,True,2024-12-26T08:56:57.839413,2025-01-01T08:56:57.839413
AK8HYF,,expired,False,,6,Exchanger_1,fixed,BNB,main,BTC,erc20,to,8.1325573809,addr_RM0FV2XG8R,,,,,,,,,2024-10-26T11:27:53.839413,,USDT,bep20,8.6212528277,addr_U40GZKE9L6,,,ZT23OJLPGK,8.7661747063,3,,,,,,,QQLROKB1PX,3.5879291277,2,,,,,,,,,,False,,,,,,True,2024-11-09T13:52:57.839413,2024-11-20T13:52:57.839413
ZPVLKD,318,emergency,True,Some message about transaction,43,Exchanger_3,fixed,USDT,main,DOGE,bep20,to,9.1647303609,addr_A8Y3TH5HGO,,,,,,,,,2024-10-31T11:27:53.839413,,,,,,,,,,,BNB,bep2,9.6310755294,addr_ZNGS4ZUAKJ,,,40I3JG15F3,8.8508211598,1,,,,,,,,,,True,,,,,,False,2025-01-13T13:49:04.839413,2025-01-15T13:49:04.839413
1HRL81,141,expired,True,Some message about transaction,29,,fixed,ETH,bep2,BTC,main,from,4.9040187874,addr_BEZJUM9GQ8,,,,,,,D7NHEW2O,,2024-12-24T11:27:53.839413,,,,,,,,,,,,,,,,,LGLZHVJXFO,8.8795741716,4,USDT,trc20,3.009931809,addr_4MG89R0XCV,,,,,,False,,,,,,False,2024-11-17T08:47:13.839413,2024-11-29T08:47:13.839413
NBO0JA,174,withdraw,True,Some message about transaction,40,,fixed,BTC,trc20,BTC,trc20,to,4.2247399542,addr_EH1ILIEU2C,,,,,,KQRYAOZ2,,,,,,,,,,,,,,,,,,,,6QZKDGT8KT,9.5529297384,2,,,,,,,,,,False,,,,,,True,2024-11-19T04:34:59.839413,2024-11-27T04:34:59.839413
QDFONN,134,expired,False,Some message about transaction,25,Exchanger_5,float,DOGE,trc20,ETH,bep20,to,2.7098955433,addr_DHPUBR60F9,,,,,,6LFF4WX3,,,2024-10-30T11:27:53.839413,2025-01-20T11:27:53.839413,,,,,,,JI5N45PFE9,3.9681313081,4,,,,,,,,,,,,,,,,,,,False,,,,,,False,2024-12-02T17:24:58.839413,2024-12-16T17:24:58.839413
78RKJG,290,withdraw,True,,23,,float,BNB,bep20,ETH,main,from,0.5561989861,addr_FAIVBLFAR4,,,,,,IVCF40JE,V8XI9PW7,,2024-12-23T11:27:53.839413,,,,,,,,4A5ZJWYHRE,8.5808494892,1,BTC,main,2.3129700559,addr_N7TW6PDI23,,,,,,,,,,,,,,,False,,,,,,True,2024-10-25T05:01:55.839413,2024-10-25T05:01:55.839413
FP0VCT,,expired,False,,26,,float,BTC,main,BTC,trc20,to,8.20501037,addr_04MR70Q59X,,,,,,,,,2024-12-12T11:27:53.839413,,,,,,,,,,,,,,,,,NI6T9Y9M7T,5.7795121441,2,,,,,,,,,,True,,,,,,True,2024-11-02T09:50:13.839413,2024-11-09T09:50:13.839413
IY6NE5,286,pending,True,,31,,float,ETH,erc20,USDT,main,from,2.9393145508,addr_SFW7XI7U1S,,,,,,2ZRSMOSF,W3QQITLB,,,2025-01-21T11:27:53.839413,ETH,erc20,9.2181566512,addr_Q3KTGX6QOT,,,,,,,,,,,,,,,,,,,,,,,,False,,,,,,False,2025-01-10T07:58:57.839413,2025-01-15T07:58:57.839413
AJOKGA,,error,True,,49,,fixed,USDT,bep20,USDT,trc20,to,2.0522174848,addr_18KT00RCZP,,,,,,4JPCSV21,,float,2024-11-30T11:27:53.839413,,,,,,,,SVBAOLD0KK,4.7713820342,4,,,,,,,B16J1D9RJE,5.8564792606,3,,,,,,,,,,True,,,,,,True,2024-12-09T12:15:22.839413,2024-12-16T12:15:22.839413
